Id,Nombre,Apellido,Municipio,Departamento,Fuente,Enlace,Nombre enlace,Periodo
0,Nayib Armando ,Bukele Ortez,San Salvador,San Salvador,Sitio Web Corporación de Municipalidades de la República de El Salvador: ,http://www.comures.org.sv/html/agremiados/listado_2018.html,Municipalidades Agremiadas 2015 - 2018,Periodo 2015-2018
1,José Tomás, Minero Domínguez,Ciudad Delgado,San Salvador,Sitio Web Corporación de Municipalidades de la República de El Salvador: ,http://www.comures.org.sv/html/agremiados/listado_2018.html,Municipalidades Agremiadas 2015 - 2018,Periodo 2015-2018
2,José ,Simón Paz,Mejicanos,San Salvador,Sitio Web Corporación de Municipalidades de la República de El Salvador: ,http://www.comures.org.sv/html/agremiados/listado_2018.html,Municipalidades Agremiadas 2015 - 2018,Periodo 2015-2018
3,José Miguel ,Arévalo Rivera,Soyapango,San Salvador,Sitio Web Corporación de Municipalidades de la República de El Salvador: ,http://www.comures.org.sv/html/agremiados/listado_2018.html,Municipalidades Agremiadas 2015 - 2018,Periodo 2015-2018
4,Jaime Alberto, Recinos Crespín,Cuscatancingo,San Salvador,Sitio Web Corporación de Municipalidades de la República de El Salvador: ,http://www.comures.org.sv/html/agremiados/listado_2018.html,Municipalidades Agremiadas 2015 - 2018,Periodo 2015-2018
5,Fidel Ernesto ,Fuentes Calderón,San Marcos,San Salvador,Sitio Web Corporación de Municipalidades de la República de El Salvador: ,http://www.comures.org.sv/html/agremiados/listado_2018.html,Municipalidades Agremiadas 2015 - 2018,Periodo 2015-2018
6,Salvador Alfredo, Ruano Recínos,Ilopango,San Salvador,Sitio Web Corporación de Municipalidades de la República de El Salvador: ,http://www.comures.org.sv/html/agremiados/listado_2018.html,Municipalidades Agremiadas 2015 - 2018,Periodo 2015-2018
7,Sergio Vladimir ,Quijada Cortez,Nejapa,San Salvador,Sitio Web Corporación de Municipalidades de la República de El Salvador: ,http://www.comures.org.sv/html/agremiados/listado_2018.html,Municipalidades Agremiadas 2015 - 2018,Periodo 2015-2018
8,José  Santiago ,Zelaya,Apopa,San Salvador,Sitio Web Corporación de Municipalidades de la República de El Salvador: ,http://www.comures.org.sv/html/agremiados/listado_2018.html,Municipalidades Agremiadas 2015 - 2018,Periodo 2015-2018
9,Víctor  Manuel ,Rivera Reyes,San Martín,San Salvador,Sitio Web Corporación de Municipalidades de la República de El Salvador: ,http://www.comures.org.sv/html/agremiados/listado_2018.html,Municipalidades Agremiadas 2015 - 2018,Periodo 2015-2018
10,Mario ,Melendez Portillo,Panchimalco,San Salvador,Sitio Web Corporación de Municipalidades de la República de El Salvador: ,http://www.comures.org.sv/html/agremiados/listado_2018.html,Municipalidades Agremiadas 2015 - 2018,Periodo 2015-2018
11,Luis Alberto ,Girón Figueroa,Aguilares,San Salvador,Sitio Web Corporación de Municipalidades de la República de El Salvador: ,http://www.comures.org.sv/html/agremiados/listado_2018.html,Municipalidades Agremiadas 2015 - 2018,Periodo 2015-2018
12,Roberto Edgardo ,Herrera Díaz Canjura,Tonacatepeque,San Salvador,Sitio Web Corporación de Municipalidades de la República de El Salvador: ,http://www.comures.org.sv/html/agremiados/listado_2018.html,Municipalidades Agremiadas 2015 - 2018,Periodo 2015-2018
13,Efraín Alfonso ,Cañas Colorado,Santo Tomás,San Salvador,Sitio Web Corporación de Municipalidades de la República de El Salvador: ,http://www.comures.org.sv/html/agremiados/listado_2018.html,Municipalidades Agremiadas 2015 - 2018,Periodo 2015-2018
14,Alberto ,Estupinían Ramírez,Santiago Texacuangos,San Salvador,Sitio Web Corporación de Municipalidades de la República de El Salvador: ,http://www.comures.org.sv/html/agremiados/listado_2018.html,Municipalidades Agremiadas 2015 - 2018,Periodo 2015-2018
15,José  Héctor, Lara Zamora,El Paisnal,San Salvador,Sitio Web Corporación de Municipalidades de la República de El Salvador: ,http://www.comures.org.sv/html/agremiados/listado_2018.html,Municipalidades Agremiadas 2015 - 2018,Periodo 2015-2018
16,José  Armando ,Barrera Rivera,Guazapa,San Salvador,Sitio Web Corporación de Municipalidades de la República de El Salvador: ,http://www.comures.org.sv/html/agremiados/listado_2018.html,Municipalidades Agremiadas 2015 - 2018,Periodo 2015-2018
17,Rafael Alejandro ,Nóchez Solano,Ayutuxtepeque,San Salvador,Sitio Web Corporación de Municipalidades de la República de El Salvador: ,http://www.comures.org.sv/html/agremiados/listado_2018.html,Municipalidades Agremiadas 2015 - 2018,Periodo 2015-2018
18,Galileo ,Arquímedes Pérez,Rosario de Mora,San Salvador,Sitio Web Corporación de Municipalidades de la República de El Salvador: ,http://www.comures.org.sv/html/agremiados/listado_2018.html,Municipalidades Agremiadas 2015 - 2018,Periodo 2015-2018
19,Mario David, Moreira Cruz,Santa Ana,Santa Ana,Sitio Web Corporación de Municipalidades de la República de El Salvador: ,http://www.comures.org.sv/html/agremiados/listado_2018.html,Municipalidades Agremiadas 2015 - 2018,Periodo 2015-2018
20,Cèsar  Cándido,Hernández,Chalchuapa,Santa Ana,Sitio Web Corporación de Municipalidades de la República de El Salvador: ,http://www.comures.org.sv/html/agremiados/listado_2018.html,Municipalidades Agremiadas 2015 - 2018,Periodo 2015-2018
21,Juan ,Umaña Samayoa,Metapán,Santa Ana,Sitio Web Corporación de Municipalidades de la República de El Salvador: ,http://www.comures.org.sv/html/agremiados/listado_2018.html,Municipalidades Agremiadas 2015 - 2018,Periodo 2015-2018
22,Jorge Alberto,Rivas,Coatepeque,Santa Ana,Sitio Web Corporación de Municipalidades de la República de El Salvador: ,http://www.comures.org.sv/html/agremiados/listado_2018.html,Municipalidades Agremiadas 2015 - 2018,Periodo 2015-2018
23,Marlene,Orquídea Hernández de Estrada,El Congo,Santa Ana,Sitio Web Corporación de Municipalidades de la República de El Salvador: ,http://www.comures.org.sv/html/agremiados/listado_2018.html,Municipalidades Agremiadas 2015 - 2018,Periodo 2015-2018
24,José Armando,Portillo Portillo,Texistepeque,Santa Ana,Sitio Web Corporación de Municipalidades de la República de El Salvador: ,http://www.comures.org.sv/html/agremiados/listado_2018.html,Municipalidades Agremiadas 2015 - 2018,Periodo 2015-2018
25,Janet,Rivera,Candelaria la Frontera,Santa Ana,Sitio Web Corporación de Municipalidades de la República de El Salvador: ,http://www.comures.org.sv/html/agremiados/listado_2018.html,Municipalidades Agremiadas 2015 - 2018,Periodo 2015-2018
26,Ana Mercedes ,Aguilar de Ochoa,San Sebastián Salitrillo,Santa Ana,Sitio Web Corporación de Municipalidades de la República de El Salvador: ,http://www.comures.org.sv/html/agremiados/listado_2018.html,Municipalidades Agremiadas 2015 - 2018,Periodo 2015-2018
27,Hugo Besael ,Flores Magaña,Santa Rosa Guachipilín,Santa Ana,Sitio Web Corporación de Municipalidades de la República de El Salvador: ,http://www.comures.org.sv/html/agremiados/listado_2018.html,Municipalidades Agremiadas 2015 - 2018,Periodo 2015-2018
28,José Antonio ,Martínez Barrera,Santiago de la Frontera,Santa Ana,Sitio Web Corporación de Municipalidades de la República de El Salvador: ,http://www.comures.org.sv/html/agremiados/listado_2018.html,Municipalidades Agremiadas 2015 - 2018,Periodo 2015-2018
29,Jorge Sigfredo, Ramos Macal,El Porvenir,Santa Ana,Sitio Web Corporación de Municipalidades de la República de El Salvador: ,http://www.comures.org.sv/html/agremiados/listado_2018.html,Municipalidades Agremiadas 2015 - 2018,Periodo 2015-2018
30,Menando Nahum ,Mendoza Rosales,Masahuat,Santa Ana,Sitio Web Corporación de Municipalidades de la República de El Salvador: ,http://www.comures.org.sv/html/agremiados/listado_2018.html,Municipalidades Agremiadas 2015 - 2018,Periodo 2015-2018
31,Silvia Liceth ,Chavarria,San Antonio Pajonal,Santa Ana,Sitio Web Corporación de Municipalidades de la República de El Salvador: ,http://www.comures.org.sv/html/agremiados/listado_2018.html,Municipalidades Agremiadas 2015 - 2018,Periodo 2015-2018
32,Miguel Àngel ,Pereira Ayala,San Miguel,San Miguel,Sitio Web Corporación de Municipalidades de la República de El Salvador: ,http://www.comures.org.sv/html/agremiados/listado_2018.html,Municipalidades Agremiadas 2015 - 2018,Periodo 2015-2018
33,Roger ,Merlos,Chinameca,San Miguel,Sitio Web Corporación de Municipalidades de la República de El Salvador: ,http://www.comures.org.sv/html/agremiados/listado_2018.html,Municipalidades Agremiadas 2015 - 2018,Periodo 2015-2018
34,Roel Werner,Martínez Romero,El Tránsito,San Miguel,Sitio Web Corporación de Municipalidades de la República de El Salvador: ,http://www.comures.org.sv/html/agremiados/listado_2018.html,Municipalidades Agremiadas 2015 - 2018,Periodo 2015-2018
35,Heris Neftalí Romero Carballo,Ciudad Barrios,San Miguel,Sitio Web Corporación de Municipalidades de la República de El Salvador: ,http://www.comures.org.sv/html/agremiados/listado_2018.html,Municipalidades Agremiadas 2015 - 2018,Periodo 2015-2018
36,Manuel Antonio,Vásquez Blanco,Chirilagua,San Miguel,Sitio Web Corporación de Municipalidades de la República de El Salvador: ,http://www.comures.org.sv/html/agremiados/listado_2018.html,Municipalidades Agremiadas 2015 - 2018,Periodo 2015-2018
37,René Alexander,Portillo,Sesori,San Miguel,Sitio Web Corporación de Municipalidades de la República de El Salvador: ,http://www.comures.org.sv/html/agremiados/listado_2018.html,Municipalidades Agremiadas 2015 - 2018,Periodo 2015-2018
38,José Reynaldo,Villegas Iglecias,San Rafael Oriente,San Miguel,Sitio Web Corporación de Municipalidades de la República de El Salvador: ,http://www.comures.org.sv/html/agremiados/listado_2018.html,Municipalidades Agremiadas 2015 - 2018,Periodo 2015-2018
39,Sergio Antonio,Solórzano Santos,Moncagua,San Miguel,Sitio Web Corporación de Municipalidades de la República de El Salvador: ,http://www.comures.org.sv/html/agremiados/listado_2018.html,Municipalidades Agremiadas 2015 - 2018,Periodo 2015-2018
40,Colombo ,Carballo Vargas,Lolotique,San Migue,Sitio Web Corporación de Municipalidades de la República de El Salvador: ,http://www.comures.org.sv/html/agremiados/listado_2018.html,Municipalidades Agremiadas 2015 - 2018,Periodo 2015-2018
41,Melvin Antonio,Nativí Ulloa,San Jorge,San Migue,Sitio Web Corporación de Municipalidades de la República de El Salvador: ,http://www.comures.org.sv/html/agremiados/listado_2018.html,Municipalidades Agremiadas 2015 - 2018,Periodo 2015-2018
42,Carlos Ernesto,Méndez Luna,Chapeltique,San Migue,Sitio Web Corporación de Municipalidades de la República de El Salvador: ,http://www.comures.org.sv/html/agremiados/listado_2018.html,Municipalidades Agremiadas 2015 - 2018,Periodo 2015-2018
43,Justo Germán,Díaz Padilla,San Gerardo,San Migue,Sitio Web Corporación de Municipalidades de la República de El Salvador: ,http://www.comures.org.sv/html/agremiados/listado_2018.html,Municipalidades Agremiadas 2015 - 2018,Periodo 2015-2018
44,José Armando ,Hernández Chicas,Carolina,San Migue,Sitio Web Corporación de Municipalidades de la República de El Salvador: ,http://www.comures.org.sv/html/agremiados/listado_2018.html,Municipalidades Agremiadas 2015 - 2018,Periodo 2015-2018
45,Marvin Reynaldo,Bernal Silva,Quelepa,San Migue,Sitio Web Corporación de Municipalidades de la República de El Salvador: ,http://www.comures.org.sv/html/agremiados/listado_2018.html,Municipalidades Agremiadas 2015 - 2018,Periodo 2015-2018
46,José Fermín Sorto,Requeno,San Luis de La Reina,San Migue,Sitio Web Corporación de Municipalidades de la República de El Salvador: ,http://www.comures.org.sv/html/agremiados/listado_2018.html,Municipalidades Agremiadas 2015 - 2018,Periodo 2015-2018
47,Marquiovic,Villegas C.,Nuevo Edén de San Juan,San Miguel,Sitio Web Corporación de Municipalidades de la República de El Salvador: ,http://www.comures.org.sv/html/agremiados/listado_2018.html,Municipalidades Agremiadas 2015 - 2018,Periodo 2015-2018
48,Ever Salvador,Brizuela Aparicio,Nueva Guadalupe,San Miguel,Sitio Web Corporación de Municipalidades de la República de El Salvador: ,http://www.comures.org.sv/html/agremiados/listado_2018.html,Municipalidades Agremiadas 2015 - 2018,Periodo 2015-2018
49,Berta Marina,Flores de Reyes,Uluazapa,San Miguel,Sitio Web Corporación de Municipalidades de la República de El Salvador: ,http://www.comures.org.sv/html/agremiados/listado_2018.html,Municipalidades Agremiadas 2015 - 2018,Periodo 2015-2018
50,Enris Antonio,Arias,Comacarán,San Miguel,Sitio Web Corporación de Municipalidades de la República de El Salvador: ,http://www.comures.org.sv/html/agremiados/listado_2018.html,Municipalidades Agremiadas 2015 - 2018,Periodo 2015-2018
51,Francisco José, García Guevara,San Antonio del Mosco,San Miguel,Sitio Web Corporación de Municipalidades de la República de El Salvador: ,http://www.comures.org.sv/html/agremiados/listado_2018.html,Municipalidades Agremiadas 2015 - 2018,Periodo 2015-2018
52,Roberto José, D'Aubuisson Munguía,Santa Tecla,La Libertad,Sitio Web Corporación de Municipalidades de la República de El Salvador: ,http://www.comures.org.sv/html/agremiados/listado_2018.html,Municipalidades Agremiadas 2015 - 2018,Periodo 2015-2018
53,Elio Valdemar, Lemus Osorio,Quezaltepeque,La Libertad,Sitio Web Corporación de Municipalidades de la República de El Salvador: ,http://www.comures.org.sv/html/agremiados/listado_2018.html,Municipalidades Agremiadas 2015 - 2018,Periodo 2015-2018
54,José Alfredo, Contreras Escalón,Ciudad Arce,La Libertad,Sitio Web Corporación de Municipalidades de la República de El Salvador: ,http://www.comures.org.sv/html/agremiados/listado_2018.html,Municipalidades Agremiadas 2015 - 2018,Periodo 2015-2018
55,Ramon Antonio, Trigueros Alvarado,San Juan Opico,La Libertad,Sitio Web Corporación de Municipalidades de la República de El Salvador: ,http://www.comures.org.sv/html/agremiados/listado_2018.html,Municipalidades Agremiadas 2015 - 2018,Periodo 2015-2018
56,Guillermo, González Huezo,Colón,La Libertad,Sitio Web Corporación de Municipalidades de la República de El Salvador: ,http://www.comures.org.sv/html/agremiados/listado_2018.html,Municipalidades Agremiadas 2015 - 2018,Periodo 2015-2018
57,Miguel Angel, Jimènez Aguilera,Puerto de La Libertad,La Libertad,Sitio Web Corporación de Municipalidades de la República de El Salvador: ,http://www.comures.org.sv/html/agremiados/listado_2018.html,Municipalidades Agremiadas 2015 - 2018,Periodo 2015-2018
58,Milagro Navas, Herrera,Antiguo Cuscatlán,La Libertad,Sitio Web Corporación de Municipalidades de la República de El Salvador: ,http://www.comures.org.sv/html/agremiados/listado_2018.html,Municipalidades Agremiadas 2015 - 2018,Periodo 2015-2018
59,José Ricardo, Reyes Rosales,Comasagua,La Libertad,Sitio Web Corporación de Municipalidades de la República de El Salvador: ,http://www.comures.org.sv/html/agremiados/listado_2018.html,Municipalidades Agremiadas 2015 - 2018,Periodo 2015-2018
60,Mario Alberto, Castillo Villanueva,San Pablo Tacachico,La Libertad,Sitio Web Corporación de Municipalidades de la República de El Salvador: ,http://www.comures.org.sv/html/agremiados/listado_2018.html,Municipalidades Agremiadas 2015 - 2018,Periodo 2015-2018
61,Pánfilo Santos, Mancía Velásquez,Jayaque,La Libertad,Sitio Web Corporación de Municipalidades de la República de El Salvador: ,http://www.comures.org.sv/html/agremiados/listado_2018.html,Municipalidades Agremiadas 2015 - 2018,Periodo 2015-2018
62,Marina Elizabeth, Avilés Dueñas,Huizucar,La Libertad,Sitio Web Corporación de Municipalidades de la República de El Salvador: ,http://www.comures.org.sv/html/agremiados/listado_2018.html,Municipalidades Agremiadas 2015 - 2018,Periodo 2015-2018
63,Ana Janet,González Sermeño,Tepecoyo,La Libertad,Sitio Web Corporación de Municipalidades de la República de El Salvador: ,http://www.comures.org.sv/html/agremiados/listado_2018.html,Municipalidades Agremiadas 2015 - 2018,Periodo 2015-2018
64,Alfonso, Arévalo Guillén,Teotepeque,La Libertad,Sitio Web Corporación de Municipalidades de la República de El Salvador: ,http://www.comures.org.sv/html/agremiados/listado_2018.html,Municipalidades Agremiadas 2015 - 2018,Periodo 2015-2018
65,Jorge Luis, Díaz Morales,Chiltiupán,La Libertad,Sitio Web Corporación de Municipalidades de la República de El Salvador: ,http://www.comures.org.sv/html/agremiados/listado_2018.html,Municipalidades Agremiadas 2015 - 2018,Periodo 2015-2018
66,Irma Michelle, Martha Ninette Sol de Castro,Nuevo Cuscatlán,La Libertad,Sitio Web Corporación de Municipalidades de la República de El Salvador: ,http://www.comures.org.sv/html/agremiados/listado_2018.html,Municipalidades Agremiadas 2015 - 2018,Periodo 2015-2018
67,Ruth Aida, Beltrán,Tamanique,La Libertad,Sitio Web Corporación de Municipalidades de la República de El Salvador: ,http://www.comures.org.sv/html/agremiados/listado_2018.html,Municipalidades Agremiadas 2015 - 2018,Periodo 2015-2018
68,Pedro Leopoldo, Montoya,Sacacoyo,La Libertad,Sitio Web Corporación de Municipalidades de la República de El Salvador: ,http://www.comures.org.sv/html/agremiados/listado_2018.html,Municipalidades Agremiadas 2015 - 2018,Periodo 2015-2018
69,Pedro Alfonso, Durán Ruano,San José Villa Nueva,La Libertad,Sitio Web Corporación de Municipalidades de la República de El Salvador: ,http://www.comures.org.sv/html/agremiados/listado_2018.html,Municipalidades Agremiadas 2015 - 2018,Periodo 2015-2018
70,Carlos Javier, Guevara Turcios,Zaragoza,La Libertad,Sitio Web Corporación de Municipalidades de la República de El Salvador: ,http://www.comures.org.sv/html/agremiados/listado_2018.html,Municipalidades Agremiadas 2015 - 2018,Periodo 2015-2018
71,Juan Antonio, Fuentes Escobar,Talnique,La Libertad,Sitio Web Corporación de Municipalidades de la República de El Salvador: ,http://www.comures.org.sv/html/agremiados/listado_2018.html,Municipalidades Agremiadas 2015 - 2018,Periodo 2015-2018
72,Virgilio, Martínez Barillas,San Matías,La Libertad,Sitio Web Corporación de Municipalidades de la República de El Salvador: ,http://www.comures.org.sv/html/agremiados/listado_2018.html,Municipalidades Agremiadas 2015 - 2018,Periodo 2015-2018
73,José Salvador,Menjivar Miranda,Jicalapa,La Libertad,Sitio Web Corporación de Municipalidades de la República de El Salvador: ,http://www.comures.org.sv/html/agremiados/listado_2018.html,Municipalidades Agremiadas 2015 - 2018,Periodo 2015-2018
74,Miguel Ángel, Jaime Rivas,Usulután,Usulután,Sitio Web Corporación de Municipalidades de la República de El Salvador: ,http://www.comures.org.sv/html/agremiados/listado_2018.html,Municipalidades Agremiadas 2015 - 2018,Periodo 2015-2018
75,David Barahona, Marroquín,Jiquilisco,Usulután,Sitio Web Corporación de Municipalidades de la República de El Salvador: ,http://www.comures.org.sv/html/agremiados/listado_2018.html,Municipalidades Agremiadas 2015 - 2018,Periodo 2015-2018
76,Jesús Antonio, Cortez Mendoza,Berlín,Usulután,Sitio Web Corporación de Municipalidades de la República de El Salvador: ,http://www.comures.org.sv/html/agremiados/listado_2018.html,Municipalidades Agremiadas 2015 - 2018,Periodo 2015-2018
77,Roberto Edmundo, González Lara,Santiago de María,Usulután,Sitio Web Corporación de Municipalidades de la República de El Salvador: ,http://www.comures.org.sv/html/agremiados/listado_2018.html,Municipalidades Agremiadas 2015 - 2018,Periodo 2015-2018
78,Juan Antonio, Chevez Castillo,Jucuapa,Usulután,Sitio Web Corporación de Municipalidades de la República de El Salvador: ,http://www.comures.org.sv/html/agremiados/listado_2018.html,Municipalidades Agremiadas 2015 - 2018,Periodo 2015-2018
79,Oscar Humberto, Gómez,Santa Elena,Usulután,Sitio Web Corporación de Municipalidades de la República de El Salvador: ,http://www.comures.org.sv/html/agremiados/listado_2018.html,Municipalidades Agremiadas 2015 - 2018,Periodo 2015-2018
80,José  Boanerge, Carranza Coreas,Jucuarán,Usulután,Sitio Web Corporación de Municipalidades de la República de El Salvador: ,http://www.comures.org.sv/html/agremiados/listado_2018.html,Municipalidades Agremiadas 2015 - 2018,Periodo 2015-2018
81,Carlos Alberto, Gómez Estrada,San Agustín,Usulután,Sitio Web Corporación de Municipalidades de la República de El Salvador: ,http://www.comures.org.sv/html/agremiados/listado_2018.html,Municipalidades Agremiadas 2015 - 2018,Periodo 2015-2018
82,José Alexander, Batres Paniagua,Ozatlán,Usulután,Sitio Web Corporación de Municipalidades de la República de El Salvador: ,http://www.comures.org.sv/html/agremiados/listado_2018.html,Municipalidades Agremiadas 2015 - 2018,Periodo 2015-2018
83,José Efraín, Guzmán Torres,Estanzuelas,Usulután,Sitio Web Corporación de Municipalidades de la República de El Salvador: ,http://www.comures.org.sv/html/agremiados/listado_2018.html,Municipalidades Agremiadas 2015 - 2018,Periodo 2015-2018
84,Juan José,Romero Coreas,Mercedes Umaña,Usulután,Sitio Web Corporación de Municipalidades de la República de El Salvador: ,http://www.comures.org.sv/html/agremiados/listado_2018.html,Municipalidades Agremiadas 2015 - 2018,Periodo 2015-2018
85,René Saul,Sánchez Funes,Alegría,Usulután,Sitio Web Corporación de Municipalidades de la República de El Salvador: ,http://www.comures.org.sv/html/agremiados/listado_2018.html,Municipalidades Agremiadas 2015 - 2018,Periodo 2015-2018
86,Walter Antonio,Aparicio Henriquez,Concepción Batres,Usulután,Sitio Web Corporación de Municipalidades de la República de El Salvador: ,http://www.comures.org.sv/html/agremiados/listado_2018.html,Municipalidades Agremiadas 2015 - 2018,Periodo 2015-2018
87,Enan Gualberto, Mejía Claros,San Francisco Javier,Usulután,Sitio Web Corporación de Municipalidades de la República de El Salvador: ,http://www.comures.org.sv/html/agremiados/listado_2018.html,Municipalidades Agremiadas 2015 - 2018,Periodo 2015-2018
88,Ramón Miguel,Coreas Rosales,Puerto El Triunfo,Usulután,Sitio Web Corporación de Municipalidades de la República de El Salvador: ,http://www.comures.org.sv/html/agremiados/listado_2018.html,Municipalidades Agremiadas 2015 - 2018,Periodo 2015-2018
89,Jaime Elmer,Teos Gallardo,Tecapán,Usulután,Sitio Web Corporación de Municipalidades de la República de El Salvador: ,http://www.comures.org.sv/html/agremiados/listado_2018.html,Municipalidades Agremiadas 2015 - 2018,Periodo 2015-2018
90,Pedro Antonio,Vásquez,San Dionisio,Usulután,Sitio Web Corporación de Municipalidades de la República de El Salvador: ,http://www.comures.org.sv/html/agremiados/listado_2018.html,Municipalidades Agremiadas 2015 - 2018,Periodo 2015-2018
91,Melba de Jesús,Méndez de Funes,Ereguayquín,Usulután,Sitio Web Corporación de Municipalidades de la República de El Salvador: ,http://www.comures.org.sv/html/agremiados/listado_2018.html,Municipalidades Agremiadas 2015 - 2018,Periodo 2015-2018
92,Nicolás Andrés,Castellón García,Santa María,Usulután,Sitio Web Corporación de Municipalidades de la República de El Salvador: ,http://www.comures.org.sv/html/agremiados/listado_2018.html,Municipalidades Agremiadas 2015 - 2018,Periodo 2015-2018
93,Joaquín Aquilino, Rendón Rivera,Nueva Granada,Usulután,Sitio Web Corporación de Municipalidades de la República de El Salvador: ,http://www.comures.org.sv/html/agremiados/listado_2018.html,Municipalidades Agremiadas 2015 - 2018,Periodo 2015-2018
94,José Arturo,Romero Castañeda,El Triunfo,Usulután,Sitio Web Corporación de Municipalidades de la República de El Salvador: ,http://www.comures.org.sv/html/agremiados/listado_2018.html,Municipalidades Agremiadas 2015 - 2018,Periodo 2015-2018
95,Fidel Angel,Serpas Machuca,San Buenaventura,Usulután,Sitio Web Corporación de Municipalidades de la República de El Salvador: ,http://www.comures.org.sv/html/agremiados/listado_2018.html,Municipalidades Agremiadas 2015 - 2018,Periodo 2015-2018
96,Gregorio Arnulfo, Morales Cosme,California,Usulután,Sitio Web Corporación de Municipalidades de la República de El Salvador: ,http://www.comures.org.sv/html/agremiados/listado_2018.html,Municipalidades Agremiadas 2015 - 2018,Periodo 2015-2018
97,José  Roberto, Aquino Ruíz,Sonsonate,Sonsonate,Sitio Web Corporación de Municipalidades de la República de El Salvador: ,http://www.comures.org.sv/html/agremiados/listado_2018.html,Municipalidades Agremiadas 2015 - 2018,Periodo 2015-2018
98,José  Alfonso, Guevara Cisneros,Izalco,Sonsonate,Sitio Web Corporación de Municipalidades de la República de El Salvador: ,http://www.comures.org.sv/html/agremiados/listado_2018.html,Municipalidades Agremiadas 2015 - 2018,Periodo 2015-2018
99,Hugo Antonio, Calderón Arriola,Acajutla,Sonsonate,Sitio Web Corporación de Municipalidades de la República de El Salvador: ,http://www.comures.org.sv/html/agremiados/listado_2018.html,Municipalidades Agremiadas 2015 - 2018,Periodo 2015-2018
100,Carlos Alberto, Molina López,Armenia,Sonsonate,Sitio Web Corporación de Municipalidades de la República de El Salvador: ,http://www.comures.org.sv/html/agremiados/listado_2018.html,Municipalidades Agremiadas 2015 - 2018,Periodo 2015-2018
101,Jorge Willer, Patriz Castaneda,Nahuizalco,Sonsonate,Sitio Web Corporación de Municipalidades de la República de El Salvador: ,http://www.comures.org.sv/html/agremiados/listado_2018.html,Municipalidades Agremiadas 2015 - 2018,Periodo 2015-2018
102,Rafael Orlando, Contreras Gámez,Juayúa,Sonsonate,Sitio Web Corporación de Municipalidades de la República de El Salvador: ,http://www.comures.org.sv/html/agremiados/listado_2018.html,Municipalidades Agremiadas 2015 - 2018,Periodo 2015-2018
103,Edna Beatriz, Chacón,San Juliún,Sonsonate,Sitio Web Corporación de Municipalidades de la República de El Salvador: ,http://www.comures.org.sv/html/agremiados/listado_2018.html,Municipalidades Agremiadas 2015 - 2018,Periodo 2015-2018
104,Héctor Antonio, Orellana Valladares,Sonzacate,Sonsonate,Sitio Web Corporación de Municipalidades de la República de El Salvador: ,http://www.comures.org.sv/html/agremiados/listado_2018.html,Municipalidades Agremiadas 2015 - 2018,Periodo 2015-2018
105,Teodoro,Pineda Osorio,San Antonio Del Monte,Sonsonate,Sitio Web Corporación de Municipalidades de la República de El Salvador: ,http://www.comures.org.sv/html/agremiados/listado_2018.html,Municipalidades Agremiadas 2015 - 2018,Periodo 2015-2018
106,Miguel Angel, Mejía,Nahuilingo,Sonsonate,Sitio Web Corporación de Municipalidades de la República de El Salvador: ,http://www.comures.org.sv/html/agremiados/listado_2018.html,Municipalidades Agremiadas 2015 - 2018,Periodo 2015-2018
107,Jorge Alberto, Abrego Miranda,Cuisnahuat,Sonsonate,Sitio Web Corporación de Municipalidades de la República de El Salvador: ,http://www.comures.org.sv/html/agremiados/listado_2018.html,Municipalidades Agremiadas 2015 - 2018,Periodo 2015-2018
108,Alba Yesenia, Eguizábal Gutiérrez,Santa Catarina Masahuat,Sonsonate,Sitio Web Corporación de Municipalidades de la República de El Salvador: ,http://www.comures.org.sv/html/agremiados/listado_2018.html,Municipalidades Agremiadas 2015 - 2018,Periodo 2015-2018
109,Blanca Lidia, Orellana de Vásquez,Caluco,Sonsonate,Sitio Web Corporación de Municipalidades de la República de El Salvador: ,http://www.comures.org.sv/html/agremiados/listado_2018.html,Municipalidades Agremiadas 2015 - 2018,Periodo 2015-2018
110,Flor de María, Najarro Peña,Santa Isabel Ishuatán,Sonsonate,Sitio Web Corporación de Municipalidades de la República de El Salvador: ,http://www.comures.org.sv/html/agremiados/listado_2018.html,Municipalidades Agremiadas 2015 - 2018,Periodo 2015-2018
111,José Elías, Mata Amaya,Salcoatitán,Sonsonate,Sitio Web Corporación de Municipalidades de la República de El Salvador: ,http://www.comures.org.sv/html/agremiados/listado_2018.html,Municipalidades Agremiadas 2015 - 2018,Periodo 2015-2018
112,Gerardo, Cuellar Sigüenza,Santo Domingo De Guzmán,Sonsonate,Sitio Web Corporación de Municipalidades de la República de El Salvador: ,http://www.comures.org.sv/html/agremiados/listado_2018.html,Municipalidades Agremiadas 2015 - 2018,Periodo 2015-2018
113,Ezequiel, Milla Guerra,La Unión,La Unión,Sitio Web Corporación de Municipalidades de la República de El Salvador: ,http://www.comures.org.sv/html/agremiados/listado_2018.html,Municipalidades Agremiadas 2015 - 2018,Periodo 2015-2018
114,Jorge Luis,Rosales R�os,Santa Rosa de Lima,La Unión,Sitio Web Corporación de Municipalidades de la República de El Salvador: ,http://www.comures.org.sv/html/agremiados/listado_2018.html,Municipalidades Agremiadas 2015 - 2018,Periodo 2015-2018
115,José Carlos,Ramírez Umanzor,Pasaquina,La Unión,Sitio Web Corporación de Municipalidades de la República de El Salvador: ,http://www.comures.org.sv/html/agremiados/listado_2018.html,Municipalidades Agremiadas 2015 - 2018,Periodo 2015-2018
116,Immar Daniel,Barrera Chavez,San Alejo,La Unión,Sitio Web Corporación de Municipalidades de la República de El Salvador: ,http://www.comures.org.sv/html/agremiados/listado_2018.html,Municipalidades Agremiadas 2015 - 2018,Periodo 2015-2018
117,Salvador,Peña Hernández,Anamorós,La Unión,Sitio Web Corporación de Municipalidades de la República de El Salvador: ,http://www.comures.org.sv/html/agremiados/listado_2018.html,Municipalidades Agremiadas 2015 - 2018,Periodo 2015-2018
118,Francis Edgardo,Zelaya,El Carmen,La Unión,Sitio Web Corporación de Municipalidades de la República de El Salvador: ,http://www.comures.org.sv/html/agremiados/listado_2018.html,Municipalidades Agremiadas 2015 - 2018,Periodo 2015-2018
119,William Ulises,Soriano Cruz,Conchagua,La Unión,Sitio Web Corporación de Municipalidades de la República de El Salvador: ,http://www.comures.org.sv/html/agremiados/listado_2018.html,Municipalidades Agremiadas 2015 - 2018,Periodo 2015-2018
120,Enrique Ovidio,Villatoro Paz,El Sauce,La Unión,Sitio Web Corporación de Municipalidades de la República de El Salvador: ,http://www.comures.org.sv/html/agremiados/listado_2018.html,Municipalidades Agremiadas 2015 - 2018,Periodo 2015-2018
121,Margarito,Pérez Pérez,Lislique,La Unión,Sitio Web Corporación de Municipalidades de la República de El Salvador: ,http://www.comures.org.sv/html/agremiados/listado_2018.html,Municipalidades Agremiadas 2015 - 2018,Periodo 2015-2018
122,Oscar René,Mendoza,Yucuayquín,La Unión,Sitio Web Corporación de Municipalidades de la República de El Salvador: ,http://www.comures.org.sv/html/agremiados/listado_2018.html,Municipalidades Agremiadas 2015 - 2018,Periodo 2015-2018
123,José Manrique,Villatoro Maldonado,Nueva Esparta,La Unión,Sitio Web Corporación de Municipalidades de la República de El Salvador: ,http://www.comures.org.sv/html/agremiados/listado_2018.html,Municipalidades Agremiadas 2015 - 2018,Periodo 2015-2018
124,Amerto Romero,Ríos,Polorós,La Unión,Sitio Web Corporación de Municipalidades de la República de El Salvador: ,http://www.comures.org.sv/html/agremiados/listado_2018.html,Municipalidades Agremiadas 2015 - 2018,Periodo 2015-2018
125,Jorge Alberto,Lazo Perla,Polorós,La Unión,Sitio Web Corporación de Municipalidades de la República de El Salvador: ,http://www.comures.org.sv/html/agremiados/listado_2018.html,Municipalidades Agremiadas 2015 - 2018,Periodo 2015-2018
126,Héctor Adán,Canales Maldonado,Concepción de Oriente,La Unión,Sitio Web Corporación de Municipalidades de la República de El Salvador: ,http://www.comures.org.sv/html/agremiados/listado_2018.html,Municipalidades Agremiadas 2015 - 2018,Periodo 2015-2018
127,Enrique,Méndez Berrios,Intipucá,La Unión,Sitio Web Corporación de Municipalidades de la República de El Salvador: ,http://www.comures.org.sv/html/agremiados/listado_2018.html,Municipalidades Agremiadas 2015 - 2018,Periodo 2015-2018
128,Mario Andrés,Martínez Gómez,San José  La Fuente,La Unión,Sitio Web Corporación de Municipalidades de la República de El Salvador: ,http://www.comures.org.sv/html/agremiados/listado_2018.html,Municipalidades Agremiadas 2015 - 2018,Periodo 2015-2018
129,Eduardo,Márquez,Yayantique,La Unión,Sitio Web Corporación de Municipalidades de la República de El Salvador: ,http://www.comures.org.sv/html/agremiados/listado_2018.html,Municipalidades Agremiadas 2015 - 2018,Periodo 2015-2018
130,Luis Antonio,Dheming Almendáres,Meanguera del Golfo,La Unión,Sitio Web Corporación de Municipalidades de la República de El Salvador: ,http://www.comures.org.sv/html/agremiados/listado_2018.html,Municipalidades Agremiadas 2015 - 2018,Periodo 2015-2018
131,Francisco Salvador,Hirezi Morataya,Zacatecoluca,Zacatecoluca,Sitio Web Corporación de Municipalidades de la República de El Salvador: ,http://www.comures.org.sv/html/agremiados/listado_2018.html,Municipalidades Agremiadas 2015 - 2018,Periodo 2015-2018
132,Marvin Morena,Martell de Canales,Santiago Nonualco,Zacatecoluca,Sitio Web Corporación de Municipalidades de la República de El Salvador: ,http://www.comures.org.sv/html/agremiados/listado_2018.html,Municipalidades Agremiadas 2015 - 2018,Periodo 2015-2018
133,José Guillermo,Rodas Ramos,San Juan Nonualco,Zacatecoluca,Sitio Web Corporación de Municipalidades de la República de El Salvador: ,http://www.comures.org.sv/html/agremiados/listado_2018.html,Municipalidades Agremiadas 2015 - 2018,Periodo 2015-2018
134,Carlos Alberto,Ramos Rodríguez,San Pedro Masahuat,Zacatecoluca,Sitio Web Corporación de Municipalidades de la República de El Salvador: ,http://www.comures.org.sv/html/agremiados/listado_2018.html,Municipalidades Agremiadas 2015 - 2018,Periodo 2015-2018
135,Marvín Ulises,Rodríguez Alvarez,Olocuilta,Zacatecoluca,Sitio Web Corporación de Municipalidades de la República de El Salvador: ,http://www.comures.org.sv/html/agremiados/listado_2018.html,Municipalidades Agremiadas 2015 - 2018,Periodo 2015-2018
136,José Alfredo,Hernández Romero,San Pedro Nonualco,Zacatecoluca,Sitio Web Corporación de Municipalidades de la República de El Salvador: ,http://www.comures.org.sv/html/agremiados/listado_2018.html,Municipalidades Agremiadas 2015 - 2018,Periodo 2015-2018
137,Jorge William,García,San Francisco Chinameca,Zacatecoluca,Sitio Web Corporación de Municipalidades de la República de El Salvador: ,http://www.comures.org.sv/html/agremiados/listado_2018.html,Municipalidades Agremiadas 2015 - 2018,Periodo 2015-2018
138,Juan Alexander,Tamacas Lovo,San Juan Talpa,Zacatecoluca,Sitio Web Corporación de Municipalidades de la República de El Salvador: ,http://www.comures.org.sv/html/agremiados/listado_2018.html,Municipalidades Agremiadas 2015 - 2018,Periodo 2015-2018
139,Wilberg de Jesús,Gallardo Jovel,El Rosario,Zacatecoluca,Sitio Web Corporación de Municipalidades de la República de El Salvador: ,http://www.comures.org.sv/html/agremiados/listado_2018.html,Municipalidades Agremiadas 2015 - 2018,Periodo 2015-2018
140,Rafael Amílcar,Aguilar Alvarado,San Rafael Obrajuelo,Zacatecoluca,Sitio Web Corporación de Municipalidades de la República de El Salvador: ,http://www.comures.org.sv/html/agremiados/listado_2018.html,Municipalidades Agremiadas 2015 - 2018,Periodo 2015-2018
141,Elsa Antonia,Guevara de Melchor,Santa Mari Ostuma,Zacatecoluca,Sitio Web Corporación de Municipalidades de la República de El Salvador: ,http://www.comures.org.sv/html/agremiados/listado_2018.html,Municipalidades Agremiadas 2015 - 2018,Periodo 2015-2018
142,Salvador Alejandro,Menéndez García,San Luis Talpa,Zacatecoluca,Sitio Web Corporación de Municipalidades de la República de El Salvador: ,http://www.comures.org.sv/html/agremiados/listado_2018.html,Municipalidades Agremiadas 2015 - 2018,Periodo 2015-2018
143,Armando,Vásquez,San Antonio Masahuat,Zacatecoluca,Sitio Web Corporación de Municipalidades de la República de El Salvador: ,http://www.comures.org.sv/html/agremiados/listado_2018.html,Municipalidades Agremiadas 2015 - 2018,Periodo 2015-2018
144,José Ludgerio,Cruz Quintanilla,San Miguel Tepezontes,Zacatecoluca,Sitio Web Corporación de Municipalidades de la República de El Salvador: ,http://www.comures.org.sv/html/agremiados/listado_2018.html,Municipalidades Agremiadas 2015 - 2018,Periodo 2015-2018
145,Francisco Alirio,Candray Cerón,San Juan Tepezontes,Zacatecoluca,Sitio Web Corporación de Municipalidades de la República de El Salvador: ,http://www.comures.org.sv/html/agremiados/listado_2018.html,Municipalidades Agremiadas 2015 - 2018,Periodo 2015-2018
146,José Nelson,Quezada Echeverría,Tapalhuaca,Zacatecoluca,Sitio Web Corporación de Municipalidades de la República de El Salvador: ,http://www.comures.org.sv/html/agremiados/listado_2018.html,Municipalidades Agremiadas 2015 - 2018,Periodo 2015-2018
147,Melvin Moisés,Casco Martínez,Cuyultitán,Zacatecoluca,Sitio Web Corporación de Municipalidades de la República de El Salvador: ,http://www.comures.org.sv/html/agremiados/listado_2018.html,Municipalidades Agremiadas 2015 - 2018,Periodo 2015-2018
148,José David,Campos Zepeda,Paraíso de Osorio,Zacatecoluca,Sitio Web Corporación de Municipalidades de la República de El Salvador: ,http://www.comures.org.sv/html/agremiados/listado_2018.html,Municipalidades Agremiadas 2015 - 2018,Periodo 2015-2018
149,Mauricio,García,San Emigdio,Zacatecoluca,Sitio Web Corporación de Municipalidades de la República de El Salvador: ,http://www.comures.org.sv/html/agremiados/listado_2018.html,Municipalidades Agremiadas 2015 - 2018,Periodo 2015-2018
150,Marta Lilian,Alfaro Amaya,Jerusalen,Zacatecoluca,Sitio Web Corporación de Municipalidades de la República de El Salvador: ,http://www.comures.org.sv/html/agremiados/listado_2018.html,Municipalidades Agremiadas 2015 - 2018,Periodo 2015-2018
151,Víctor Manuel,Martínez Aldana,Mercedes La Ceiba,Zacatecoluca,Sitio Web Corporación de Municipalidades de la República de El Salvador: ,http://www.comures.org.sv/html/agremiados/listado_2018.html,Municipalidades Agremiadas 2015 - 2018,Periodo 2015-2018
152,Mario,Ticas,San Luis La Herradura,Zacatecoluca,Sitio Web Corporación de Municipalidades de la República de El Salvador: ,http://www.comures.org.sv/html/agremiados/listado_2018.html,Municipalidades Agremiadas 2015 - 2018,Periodo 2015-2018
153,José Rigoberto,Mejía Menjívar,Chalatenango,Chalatenango,Sitio Web Corporación de Municipalidades de la República de El Salvador: ,http://www.comures.org.sv/html/agremiados/listado_2018.html,Municipalidades Agremiadas 2015 - 2018,Periodo 2015-2018
154,Raúl Andres,Peña Landaverde,Nueva Concepción,Chalatenango,Sitio Web Corporación de Municipalidades de la República de El Salvador: ,http://www.comures.org.sv/html/agremiados/listado_2018.html,Municipalidades Agremiadas 2015 - 2018,Periodo 2015-2018
155,Roberto Efraín,Méndez Flores,La Palma,Chalatenango,Sitio Web Corporación de Municipalidades de la República de El Salvador: ,http://www.comures.org.sv/html/agremiados/listado_2018.html,Municipalidades Agremiadas 2015 - 2018,Periodo 2015-2018
156,Rafael Antonio,Tejada Ponce,Tejutla,Chalatenango,Sitio Web Corporación de Municipalidades de la República de El Salvador: ,http://www.comures.org.sv/html/agremiados/listado_2018.html,Municipalidades Agremiadas 2015 - 2018,Periodo 2015-2018
157,Roberto Andrés,Lémus Flores,La Reina,Chalatenango,Sitio Web Corporación de Municipalidades de la República de El Salvador: ,http://www.comures.org.sv/html/agremiados/listado_2018.html,Municipalidades Agremiadas 2015 - 2018,Periodo 2015-2018
158,José  Alberto,Avelar Avelar,Arcatao,Chalatenango,Sitio Web Corporación de Municipalidades de la República de El Salvador: ,http://www.comures.org.sv/html/agremiados/listado_2018.html,Municipalidades Agremiadas 2015 - 2018,Periodo 2015-2018
159,Alfredo Reyes,Gutiérrez,San Ignacio,Chalatenango,Sitio Web Corporación de Municipalidades de la República de El Salvador: ,http://www.comures.org.sv/html/agremiados/listado_2018.html,Municipalidades Agremiadas 2015 - 2018,Periodo 2015-2018
160,Elizandro León,Rivera,Dulce Nombre de María,Chalatenango,Sitio Web Corporación de Municipalidades de la República de El Salvador: ,http://www.comures.org.sv/html/agremiados/listado_2018.html,Municipalidades Agremiadas 2015 - 2018,Periodo 2015-2018
161,José  Lorenzo,Valdivieso Galdámez,Citalá,Chalatenango,Sitio Web Corporación de Municipalidades de la República de El Salvador: ,http://www.comures.org.sv/html/agremiados/listado_2018.html,Municipalidades Agremiadas 2015 - 2018,Periodo 2015-2018
162,Edwin Edmundo,Cisneros Gutiérrez,Agua Caliente,Chalatenango,Sitio Web Corporación de Municipalidades de la República de El Salvador: ,http://www.comures.org.sv/html/agremiados/listado_2018.html,Municipalidades Agremiadas 2015 - 2018,Periodo 2015-2018
163,Miguel Àngel,Funes Mena,Concepción Quezaltepeque,Chalatenango,Sitio Web Corporación de Municipalidades de la República de El Salvador: ,http://www.comures.org.sv/html/agremiados/listado_2018.html,Municipalidades Agremiadas 2015 - 2018,Periodo 2015-2018
164,Teofilo,Córdova Delgado,Nueva Trinidad,Chalatenango,Sitio Web Corporación de Municipalidades de la República de El Salvador: ,http://www.comures.org.sv/html/agremiados/listado_2018.html,Municipalidades Agremiadas 2015 - 2018,Periodo 2015-2018
165,Rosa Cándida,Alas de Menjívar,Las Vueltas,Chalatenango,Sitio Web Corporación de Municipalidades de la República de El Salvador: ,http://www.comures.org.sv/html/agremiados/listado_2018.html,Municipalidades Agremiadas 2015 - 2018,Periodo 2015-2018
166,Moisés Antonio,Marín Santamaría,Comalapa,Chalatenango,Sitio Web Corporación de Municipalidades de la República de El Salvador: ,http://www.comures.org.sv/html/agremiados/listado_2018.html,Municipalidades Agremiadas 2015 - 2018,Periodo 2015-2018
167,Roberto Alirio,Guardado Oliva,San Rafael,Chalatenango,Sitio Web Corporación de Municipalidades de la República de El Salvador: ,http://www.comures.org.sv/html/agremiados/listado_2018.html,Municipalidades Agremiadas 2015 - 2018,Periodo 2015-2018
168,José  Felipe,Tobar Arce,San José  Las Flores,Chalatenango,Sitio Web Corporación de Municipalidades de la República de El Salvador: ,http://www.comures.org.sv/html/agremiados/listado_2018.html,Municipalidades Agremiadas 2015 - 2018,Periodo 2015-2018
169,Franklin Antonio,Márquez Melgar,Ojos de Agua,Chalatenango,Sitio Web Corporación de Municipalidades de la República de El Salvador: ,http://www.comures.org.sv/html/agremiados/listado_2018.html,Municipalidades Agremiadas 2015 - 2018,Periodo 2015-2018
170,Guillermo,Rodríguez Chávez,Nombre de Jesús,Chalatenango,Sitio Web Corporación de Municipalidades de la República de El Salvador: ,http://www.comures.org.sv/html/agremiados/listado_2018.html,Municipalidades Agremiadas 2015 - 2018,Periodo 2015-2018
171,Héctor Arnoldo,Recinos Orellana,Potonico,Chalatenango,Sitio Web Corporación de Municipalidades de la República de El Salvador: ,http://www.comures.org.sv/html/agremiados/listado_2018.html,Municipalidades Agremiadas 2015 - 2018,Periodo 2015-2018
172,Marvin Alexander,Cardoza Quijada,San Francisco Morazán,Chalatenango,Sitio Web Corporación de Municipalidades de la República de El Salvador: ,http://www.comures.org.sv/html/agremiados/listado_2018.html,Municipalidades Agremiadas 2015 - 2018,Periodo 2015-2018
173,Ismael,Romero Gutiérrez,Santa Rita,Chalatenango,Sitio Web Corporación de Municipalidades de la República de El Salvador: ,http://www.comures.org.sv/html/agremiados/listado_2018.html,Municipalidades Agremiadas 2015 - 2018,Periodo 2015-2018
174,Baltazar Elías,Galdámez Díaz,La Laguna,Chalatenango,Sitio Web Corporación de Municipalidades de la República de El Salvador: ,http://www.comures.org.sv/html/agremiados/listado_2018.html,Municipalidades Agremiadas 2015 - 2018,Periodo 2015-2018
175,Antonio,Serrano Serrano,San Isidro Labrador,Chalatenango,Sitio Web Corporación de Municipalidades de la República de El Salvador: ,http://www.comures.org.sv/html/agremiados/listado_2018.html,Municipalidades Agremiadas 2015 - 2018,Periodo 2015-2018
176,Lucio Edwin,Ayala Flores,San Antonio de La Cruz,Chalatenango,Sitio Web Corporación de Municipalidades de la República de El Salvador: ,http://www.comures.org.sv/html/agremiados/listado_2018.html,Municipalidades Agremiadas 2015 - 2018,Periodo 2015-2018
177,Emilio,Ortiz Carvajal,El Paraíso,Chalatenango,Sitio Web Corporación de Municipalidades de la República de El Salvador: ,http://www.comures.org.sv/html/agremiados/listado_2018.html,Municipalidades Agremiadas 2015 - 2018,Periodo 2015-2018
178,Milton,Guadalupe Serrano Ramírez,San Miguel de Mercedes,Chalatenango,Sitio Web Corporación de Municipalidades de la República de El Salvador: ,http://www.comures.org.sv/html/agremiados/listado_2018.html,Municipalidades Agremiadas 2015 - 2018,Periodo 2015-2018
179,William Sigfredo,Guerra Moreno,San Luis del Carmen,Chalatenango,Sitio Web Corporación de Municipalidades de la República de El Salvador: ,http://www.comures.org.sv/html/agremiados/listado_2018.html,Municipalidades Agremiadas 2015 - 2018,Periodo 2015-2018
180,Velis Ismael,Peña,San José  Cancasque,Chalatenango,Sitio Web Corporación de Municipalidades de la República de El Salvador: ,http://www.comures.org.sv/html/agremiados/listado_2018.html,Municipalidades Agremiadas 2015 - 2018,Periodo 2015-2018
181,Miguel,Serrano Ayala,San Antonio Los Ranchos,Chalatenango,Sitio Web Corporación de Municipalidades de la República de El Salvador: ,http://www.comures.org.sv/html/agremiados/listado_2018.html,Municipalidades Agremiadas 2015 - 2018,Periodo 2015-2018
182,Tulio Ernesto,Casco Robles,El Carrizal,Chalatenango,Sitio Web Corporación de Municipalidades de la República de El Salvador: ,http://www.comures.org.sv/html/agremiados/listado_2018.html,Municipalidades Agremiadas 2015 - 2018,Periodo 2015-2018
183,Carlos José,Alvarez Rivera,San Fernando,Chalatenango,Sitio Web Corporación de Municipalidades de la República de El Salvador: ,http://www.comures.org.sv/html/agremiados/listado_2018.html,Municipalidades Agremiadas 2015 - 2018,Periodo 2015-2018
184,Pablo Antonio,Martínez Molina,Azacualpa,Chalatenango,Sitio Web Corporación de Municipalidades de la República de El Salvador: ,http://www.comures.org.sv/html/agremiados/listado_2018.html,Municipalidades Agremiadas 2015 - 2018,Periodo 2015-2018
185,Carlos Arturo,Valdés Ochoa,San Francisco Lempa,Chalatenango,Sitio Web Corporación de Municipalidades de la República de El Salvador: ,http://www.comures.org.sv/html/agremiados/listado_2018.html,Municipalidades Agremiadas 2015 - 2018,Periodo 2015-2018
186,Rosa Guadalupe,Serrano de Martínez,Cojutepeque,Cuscatlán,Sitio Web Corporación de Municipalidades de la República de El Salvador: ,http://www.comures.org.sv/html/agremiados/listado_2018.html,Municipalidades Agremiadas 2015 - 2018,Periodo 2015-2018
187,Pedrina Rivera,Hernández,Suchitoto,Cuscatlán,Sitio Web Corporación de Municipalidades de la República de El Salvador: ,http://www.comures.org.sv/html/agremiados/listado_2018.html,Municipalidades Agremiadas 2015 - 2018,Periodo 2015-2018
188,Lazaro Antonio,Flores Paredes,San Pedro Perulapán,Cuscatlán,Sitio Web Corporación de Municipalidades de la República de El Salvador: ,http://www.comures.org.sv/html/agremiados/listado_2018.html,Municipalidades Agremiadas 2015 - 2018,Periodo 2015-2018
189,Mauricio Arturo,Vilanova Vaquero,San José  Guayabal,Cuscatlán,Sitio Web Corporación de Municipalidades de la República de El Salvador: ,http://www.comures.org.sv/html/agremiados/listado_2018.html,Municipalidades Agremiadas 2015 - 2018,Periodo 2015-2018
190,Juan Alberto,Flores Fuentes,Tenancingo,Cuscatlán,Sitio Web Corporación de Municipalidades de la República de El Salvador: ,http://www.comures.org.sv/html/agremiados/listado_2018.html,Municipalidades Agremiadas 2015 - 2018,Periodo 2015-2018
191,René Molina,Cornejo,San Rafael Cedros,Cuscatlán,Sitio Web Corporación de Municipalidades de la República de El Salvador: ,http://www.comures.org.sv/html/agremiados/listado_2018.html,Municipalidades Agremiadas 2015 - 2018,Periodo 2015-2018
192,José Adalberto,Perdomo Beltrán,Candelaria,Cuscatlán,Sitio Web Corporación de Municipalidades de la República de El Salvador: ,http://www.comures.org.sv/html/agremiados/listado_2018.html,Municipalidades Agremiadas 2015 - 2018,Periodo 2015-2018
193,Leticia de Jesús,Hernández Sánchez,El Carmen,Cuscatlán,Sitio Web Corporación de Municipalidades de la República de El Salvador: ,http://www.comures.org.sv/html/agremiados/listado_2018.html,Municipalidades Agremiadas 2015 - 2018,Periodo 2015-2018
194,Rhina,Campos Hernández,Monte San Juan,Cuscatlán,Sitio Web Corporación de Municipalidades de la República de El Salvador: ,http://www.comures.org.sv/html/agremiados/listado_2018.html,Municipalidades Agremiadas 2015 - 2018,Periodo 2015-2018
195,Pedro Antonio,Vásquez Perez,San Cristóbal,Cuscatlán,Sitio Web Corporación de Municipalidades de la República de El Salvador: ,http://www.comures.org.sv/html/agremiados/listado_2018.html,Municipalidades Agremiadas 2015 - 2018,Periodo 2015-2018
196,Andrés Santos,Valle,Santa Cruz Michapa,Cuscatlán,Sitio Web Corporación de Municipalidades de la República de El Salvador: ,http://www.comures.org.sv/html/agremiados/listado_2018.html,Municipalidades Agremiadas 2015 - 2018,Periodo 2015-2018
197,Cristian Marvin,Sermeño Arias,San Bartolomé Perulapía,Cuscatlán,Sitio Web Corporación de Municipalidades de la República de El Salvador: ,http://www.comures.org.sv/html/agremiados/listado_2018.html,Municipalidades Agremiadas 2015 - 2018,Periodo 2015-2018
198,Fredy Alexander,Alvarado,San Ramón,Cuscatlán,Sitio Web Corporación de Municipalidades de la República de El Salvador: ,http://www.comures.org.sv/html/agremiados/listado_2018.html,Municipalidades Agremiadas 2015 - 2018,Periodo 2015-2018
199,Odilio de Jesús,Portillo Ramírez,El Rosario,Cuscatlán,Sitio Web Corporación de Municipalidades de la República de El Salvador: ,http://www.comures.org.sv/html/agremiados/listado_2018.html,Municipalidades Agremiadas 2015 - 2018,Periodo 2015-2018
200,José Baltazar,Ramos Castro,Oratorio de Concepción,Cuscatlán,Sitio Web Corporación de Municipalidades de la República de El Salvador: ,http://www.comures.org.sv/html/agremiados/listado_2018.html,Municipalidades Agremiadas 2015 - 2018,Periodo 2015-2018
201,Luis Napoleón,Servellón Vanegas,Santa Cruz Analquito,Cuscatlán,Sitio Web Corporación de Municipalidades de la República de El Salvador: ,http://www.comures.org.sv/html/agremiados/listado_2018.html,Municipalidades Agremiadas 2015 - 2018,Periodo 2015-2018
202,Abilio,Flores Vásquez,Ahuachapán,Ahuachapán,Sitio Web Corporación de Municipalidades de la República de El Salvador: ,http://www.comures.org.sv/html/agremiados/listado_2018.html,Municipalidades Agremiadas 2015 - 2018,Periodo 2015-2018
203,Ana Luisa,Rodríguez de González,Atiquizaya,Ahuachapán,Sitio Web Corporación de Municipalidades de la República de El Salvador: ,http://www.comures.org.sv/html/agremiados/listado_2018.html,Municipalidades Agremiadas 2015 - 2018,Periodo 2015-2018
204,José Narciso,Ramírez Ventura,San Francisco Menéndez,Ahuachapán,Sitio Web Corporación de Municipalidades de la República de El Salvador: ,http://www.comures.org.sv/html/agremiados/listado_2018.html,Municipalidades Agremiadas 2015 - 2018,Periodo 2015-2018
205,Joel Ernesto,Ramírez Acosta,Tacuba,Ahuachapán,Sitio Web Corporación de Municipalidades de la República de El Salvador: ,http://www.comures.org.sv/html/agremiados/listado_2018.html,Municipalidades Agremiadas 2015 - 2018,Periodo 2015-2018
206,Oscar Oliverio,Gómez Duarte,Concepción de Ataco,Ahuachapán,Sitio Web Corporación de Municipalidades de la República de El Salvador: ,http://www.comures.org.sv/html/agremiados/listado_2018.html,Municipalidades Agremiadas 2015 - 2018,Periodo 2015-2018
207,Víctor Manuel,Martínez Jiménez,Jujutla,Ahuachapán,Sitio Web Corporación de Municipalidades de la República de El Salvador: ,http://www.comures.org.sv/html/agremiados/listado_2018.html,Municipalidades Agremiadas 2015 - 2018,Periodo 2015-2018
208,Domingo Mendoza,Castaneda,Guaymango,Ahuachapán,Sitio Web Corporación de Municipalidades de la República de El Salvador: ,http://www.comures.org.sv/html/agremiados/listado_2018.html,Municipalidades Agremiadas 2015 - 2018,Periodo 2015-2018
209,Osmín Antonio,Guzmán Escobar,Apaneca,Ahuachapán,Sitio Web Corporación de Municipalidades de la República de El Salvador: ,http://www.comures.org.sv/html/agremiados/listado_2018.html,Municipalidades Agremiadas 2015 - 2018,Periodo 2015-2018
210,Carlos Armando,Joma Cabrera,San Pedro Puxtla,Ahuachapán,Sitio Web Corporación de Municipalidades de la República de El Salvador: ,http://www.comures.org.sv/html/agremiados/listado_2018.html,Municipalidades Agremiadas 2015 - 2018,Periodo 2015-2018
211,Walter Fernando,Ortíz Chinchilla,San Lorenzo,Ahuachapán,Sitio Web Corporación de Municipalidades de la República de El Salvador: ,http://www.comures.org.sv/html/agremiados/listado_2018.html,Municipalidades Agremiadas 2015 - 2018,Periodo 2015-2018
212,Nury Yolanda,Cristales de Arévalo,Turín,Ahuachapán,Sitio Web Corporación de Municipalidades de la República de El Salvador: ,http://www.comures.org.sv/html/agremiados/listado_2018.html,Municipalidades Agremiadas 2015 - 2018,Periodo 2015-2018
213,Wilfredo,Barrientos Posada,El Refugio,Ahuachapán,Sitio Web Corporación de Municipalidades de la República de El Salvador: ,http://www.comures.org.sv/html/agremiados/listado_2018.html,Municipalidades Agremiadas 2015 - 2018,Periodo 2015-2018
214,Belisa,Lourdes Jovel,San Francisco Gotera,Morazán,Sitio Web Corporación de Municipalidades de la República de El Salvador: ,http://www.comures.org.sv/html/agremiados/listado_2018.html,Municipalidades Agremiadas 2015 - 2018,Periodo 2015-2018
215,Arturo,Perla Ferrufino,Jocoro,Morazán,Sitio Web Corporación de Municipalidades de la República de El Salvador: ,http://www.comures.org.sv/html/agremiados/listado_2018.html,Municipalidades Agremiadas 2015 - 2018,Periodo 2015-2018
216,Gilberto Antonio,Sorto Castro,Corinto,Morazán,Sitio Web Corporación de Municipalidades de la República de El Salvador: ,http://www.comures.org.sv/html/agremiados/listado_2018.html,Municipalidades Agremiadas 2015 - 2018,Periodo 2015-2018
217,César Omar,Saravia Iglesias,Sociedad,Morazán,Sitio Web Corporación de Municipalidades de la República de El Salvador: ,http://www.comures.org.sv/html/agremiados/listado_2018.html,Municipalidades Agremiadas 2015 - 2018,Periodo 2015-2018
218,José Pablo,Amaya González,Cacaopera,Morazán,Sitio Web Corporación de Municipalidades de la República de El Salvador: ,http://www.comures.org.sv/html/agremiados/listado_2018.html,Municipalidades Agremiadas 2015 - 2018,Periodo 2015-2018
219,Lucio,Velis Canales,Guatajiagüa,Morazán,Sitio Web Corporación de Municipalidades de la República de El Salvador: ,http://www.comures.org.sv/html/agremiados/listado_2018.html,Municipalidades Agremiadas 2015 - 2018,Periodo 2015-2018
220,Angel Rubén,Benítez Andrade,El Divisadero,Morazán,Sitio Web Corporación de Municipalidades de la República de El Salvador: ,http://www.comures.org.sv/html/agremiados/listado_2018.html,Municipalidades Agremiadas 2015 - 2018,Periodo 2015-2018
221,José Juan,Sánchez Luna,Jocoaitique,Morazán,Sitio Web Corporación de Municipalidades de la República de El Salvador: ,http://www.comures.org.sv/html/agremiados/listado_2018.html,Municipalidades Agremiadas 2015 - 2018,Periodo 2015-2018
222,Josué Edilberto,Villelas Hernández,Osicala,Morazán,Sitio Web Corporación de Municipalidades de la República de El Salvador: ,http://www.comures.org.sv/html/agremiados/listado_2018.html,Municipalidades Agremiadas 2015 - 2018,Periodo 2015-2018
223,Victoriano,Márquez Cruz,Chilanga,Morazán,Sitio Web Corporación de Municipalidades de la República de El Salvador: ,http://www.comures.org.sv/html/agremiados/listado_2018.html,Municipalidades Agremiadas 2015 - 2018,Periodo 2015-2018
224,José Bladimir,Barahona Hernández,Meanguera,Morazán,Sitio Web Corporación de Municipalidades de la República de El Salvador: ,http://www.comures.org.sv/html/agremiados/listado_2018.html,Municipalidades Agremiadas 2015 - 2018,Periodo 2015-2018
225,Héctor,Ventura Rodríguez,Torola,Morazán,Sitio Web Corporación de Municipalidades de la República de El Salvador: ,http://www.comures.org.sv/html/agremiados/listado_2018.html,Municipalidades Agremiadas 2015 - 2018,Periodo 2015-2018
226,Luciano,Fuentes Díaz,San Simón,Morazán,Sitio Web Corporación de Municipalidades de la República de El Salvador: ,http://www.comures.org.sv/html/agremiados/listado_2018.html,Municipalidades Agremiadas 2015 - 2018,Periodo 2015-2018
227,Rogelio Arturo,Argueta Sorto,Delicias de Concepción,Morazán,Sitio Web Corporación de Municipalidades de la República de El Salvador: ,http://www.comures.org.sv/html/agremiados/listado_2018.html,Municipalidades Agremiadas 2015 - 2018,Periodo 2015-2018
228,José Osmín,Ramos Bonilla,Joateca,Morazán,Sitio Web Corporación de Municipalidades de la República de El Salvador: ,http://www.comures.org.sv/html/agremiados/listado_2018.html,Municipalidades Agremiadas 2015 - 2018,Periodo 2015-2018
229,Mariano,Blanco Díaz,Arambala,Morazán,Sitio Web Corporación de Municipalidades de la República de El Salvador: ,http://www.comures.org.sv/html/agremiados/listado_2018.html,Municipalidades Agremiadas 2015 - 2018,Periodo 2015-2018
230,José Alfredo,Fuentes Pacheco,Lolotiquillo,Morazán,Sitio Web Corporación de Municipalidades de la República de El Salvador: ,http://www.comures.org.sv/html/agremiados/listado_2018.html,Municipalidades Agremiadas 2015 - 2018,Periodo 2015-2018
231,Francisco Andrés,Adonay Gómez Hdez.,Yamabal,Morazán,Sitio Web Corporación de Municipalidades de la República de El Salvador: ,http://www.comures.org.sv/html/agremiados/listado_2018.html,Municipalidades Agremiadas 2015 - 2018,Periodo 2015-2018
232,Fidel Alcides,Arriaza,Yoloaiquín,Morazán,Sitio Web Corporación de Municipalidades de la República de El Salvador: ,http://www.comures.org.sv/html/agremiados/listado_2018.html,Municipalidades Agremiadas 2015 - 2018,Periodo 2015-2018
233,Carlos Rodolfo,Álvarez Díaz,San Carlos,Morazán,Sitio Web Corporación de Municipalidades de la República de El Salvador: ,http://www.comures.org.sv/html/agremiados/listado_2018.html,Municipalidades Agremiadas 2015 - 2018,Periodo 2015-2018
234,Loida Celina,Claros de Urbina,El Rosario,Morazán,Sitio Web Corporación de Municipalidades de la República de El Salvador: ,http://www.comures.org.sv/html/agremiados/listado_2018.html,Municipalidades Agremiadas 2015 - 2018,Periodo 2015-2018
235,Imelda Maribel,Rodríguez Sorto,Perquín,Morazán,Sitio Web Corporación de Municipalidades de la República de El Salvador: ,http://www.comures.org.sv/html/agremiados/listado_2018.html,Municipalidades Agremiadas 2015 - 2018,Periodo 2015-2018
236,Oscar Elvidio,Vásquez Fuentes,Sensembra,Morazán,Sitio Web Corporación de Municipalidades de la República de El Salvador: ,http://www.comures.org.sv/html/agremiados/listado_2018.html,Municipalidades Agremiadas 2015 - 2018,Periodo 2015-2018
237,Carlos Antonio, Díaz y Díaz,Gualococti,Morazán,Sitio Web Corporación de Municipalidades de la República de El Salvador: ,http://www.comures.org.sv/html/agremiados/listado_2018.html,Municipalidades Agremiadas 2015 - 2018,Periodo 2015-2018
238,Elmer Efraín, Ramos Canizales,San Fernando,Morazán,Sitio Web Corporación de Municipalidades de la República de El Salvador: ,http://www.comures.org.sv/html/agremiados/listado_2018.html,Municipalidades Agremiadas 2015 - 2018,Periodo 2015-2018
239,José Julio, Franco Guevara,San Isidro,Morazán,Sitio Web Corporación de Municipalidades de la República de El Salvador: ,http://www.comures.org.sv/html/agremiados/listado_2018.html,Municipalidades Agremiadas 2015 - 2018,Periodo 2015-2018
240,Medardo,Hernández Lara,San Vicente,San Vicente,Sitio Web Corporación de Municipalidades de la República de El Salvador: ,http://www.comures.org.sv/html/agremiados/listado_2018.html,Municipalidades Agremiadas 2015 - 2018,Periodo 2015-2018
241,Alfredo,Hernández Hernández,Tecoluca,San Vicente,Sitio Web Corporación de Municipalidades de la República de El Salvador: ,http://www.comures.org.sv/html/agremiados/listado_2018.html,Municipalidades Agremiadas 2015 - 2018,Periodo 2015-2018
242,Trinidad Josefina,Rivas de González,San Sebastián,San Vicente,Sitio Web Corporación de Municipalidades de la República de El Salvador: ,http://www.comures.org.sv/html/agremiados/listado_2018.html,Municipalidades Agremiadas 2015 - 2018,Periodo 2015-2018
243,Galileo,Hernández Alvarado,Apastepeque,San Vicente,Sitio Web Corporación de Municipalidades de la República de El Salvador: ,http://www.comures.org.sv/html/agremiados/listado_2018.html,Municipalidades Agremiadas 2015 - 2018,Periodo 2015-2018
244,Marcial Antonio Bolaños Rivas,San Esteban Catarina,San Vicente,Sitio Web Corporación de Municipalidades de la República de El Salvador: ,http://www.comures.org.sv/html/agremiados/listado_2018.html,Municipalidades Agremiadas 2015 - 2018,Periodo 2015-2018
245,Carlos Alfonso,Rodríguez,San Ildefonso,San Vicente,Sitio Web Corporación de Municipalidades de la República de El Salvador: ,http://www.comures.org.sv/html/agremiados/listado_2018.html,Municipalidades Agremiadas 2015 - 2018,Periodo 2015-2018
246,Oscar Raúl,Cortez López,Santa Clara,San Vicente,Sitio Web Corporación de Municipalidades de la República de El Salvador: ,http://www.comures.org.sv/html/agremiados/listado_2018.html,Municipalidades Agremiadas 2015 - 2018,Periodo 2015-2018
247,Fidencio Adilio,Guzmán Acevedo,San Lorenzo,San Vicente,Sitio Web Corporación de Municipalidades de la República de El Salvador: ,http://www.comures.org.sv/html/agremiados/listado_2018.html,Municipalidades Agremiadas 2015 - 2018,Periodo 2015-2018
248,Joséntonio,Hernández Rodríguez,Verapaz,San Vicente,Sitio Web Corporación de Municipalidades de la República de El Salvador: ,http://www.comures.org.sv/html/agremiados/listado_2018.html,Municipalidades Agremiadas 2015 - 2018,Periodo 2015-2018
249,Roberto Carlos,Renderos Pineda,Guadalupe,San Vicente,Sitio Web Corporación de Municipalidades de la República de El Salvador: ,http://www.comures.org.sv/html/agremiados/listado_2018.html,Municipalidades Agremiadas 2015 - 2018,Periodo 2015-2018
250,Dora del Carmen,García,Santo Domingo,San Vicente,Sitio Web Corporación de Municipalidades de la República de El Salvador: ,http://www.comures.org.sv/html/agremiados/listado_2018.html,Municipalidades Agremiadas 2015 - 2018,Periodo 2015-2018
251,Raúl Juventino,Mejía Hernández,San Cayetano Istepeque,San Vicente,Sitio Web Corporación de Municipalidades de la República de El Salvador: ,http://www.comures.org.sv/html/agremiados/listado_2018.html,Municipalidades Agremiadas 2015 - 2018,Periodo 2015-2018
252,Wilian Lorenzo,Portillo Alfaro,Nuevo Tepetitán,San Vicente,Sitio Web Corporación de Municipalidades de la República de El Salvador: ,http://www.comures.org.sv/html/agremiados/listado_2018.html,Municipalidades Agremiadas 2015 - 2018,Periodo 2015-2018
253,Jesús Edgar,Bonilla Navarrete,Sensuntepeque,Cabañas,Sitio Web Corporación de Municipalidades de la República de El Salvador: ,http://www.comures.org.sv/html/agremiados/listado_2018.html,Municipalidades Agremiadas 2015 - 2018,Periodo 2015-2018
254,José María,Dimas Castellanos Hernández,Ilobasco,Cabañas,Sitio Web Corporación de Municipalidades de la República de El Salvador: ,http://www.comures.org.sv/html/agremiados/listado_2018.html,Municipalidades Agremiadas 2015 - 2018,Periodo 2015-2018
255,Juan Antonio,Ramos Barrera,Victoria,Cabañas,Sitio Web Corporación de Municipalidades de la República de El Salvador: ,http://www.comures.org.sv/html/agremiados/listado_2018.html,Municipalidades Agremiadas 2015 - 2018,Periodo 2015-2018
256,José Ignacio,Bautista Chávez,San Isidro,Cabañas,Sitio Web Corporación de Municipalidades de la República de El Salvador: ,http://www.comures.org.sv/html/agremiados/listado_2018.html,Municipalidades Agremiadas 2015 - 2018,Periodo 2015-2018
257,Adrian Castellanos,Peña,Jutiapa,Cabañas,Sitio Web Corporación de Municipalidades de la República de El Salvador: ,http://www.comures.org.sv/html/agremiados/listado_2018.html,Municipalidades Agremiadas 2015 - 2018,Periodo 2015-2018
258,Roberto Denis,Castellanos Marenco,Tejutepeque,Cabañas,Sitio Web Corporación de Municipalidades de la República de El Salvador: ,http://www.comures.org.sv/html/agremiados/listado_2018.html,Municipalidades Agremiadas 2015 - 2018,Periodo 2015-2018
259,Oscar Osmín,Ruiz Padilla,Dolores,Cabañas,Sitio Web Corporación de Municipalidades de la República de El Salvador: ,http://www.comures.org.sv/html/agremiados/listado_2018.html,Municipalidades Agremiadas 2015 - 2018,Periodo 2015-2018
260,Pantaleón Carmelo,Noyola Rivera,Cinquera,Cabañas,Sitio Web Corporación de Municipalidades de la República de El Salvador: ,http://www.comures.org.sv/html/agremiados/listado_2018.html,Municipalidades Agremiadas 2015 - 2018,Periodo 2015-2018
261,Carlos Alberto,Zavala Vásquez,Guacotecti,Cabañas,Sitio Web Corporación de Municipalidades de la República de El Salvador: ,http://www.comures.org.sv/html/agremiados/listado_2018.html,Municipalidades Agremiadas 2015 - 2018,Periodo 2015-2018
